efSearch,n_valid,ms/query,recall@k,mrr@k,ndcg@k
8,300,0.01896643351453046,0.77,0.5820066137566136,0.621295600199708
16,300,0.025064293295145035,0.7733333333333333,0.5965992063492062,0.6340016799729534
32,300,0.03641967001991967,0.7866666666666666,0.6022248677248676,0.641542964440094
64,300,0.05733321304433048,0.7933333333333333,0.6047248677248677,0.6450816521455768
128,300,0.09804103329467277,0.7933333333333333,0.6047248677248677,0.6450816521455768
256,300,0.1563268864993006,0.7933333333333333,0.6047248677248677,0.6450816521455768
