nprobe,n_valid,ms/query,recall@k,mrr@k,ndcg@k
1,300,0.005915183185910185,0.44,0.3529285714285714,0.36665854623388183
2,300,0.005694156667838494,0.5633333333333334,0.44113624338624335,0.4636496017509786
4,300,0.006525313559298714,0.65,0.5095634920634918,0.5368484705661021
8,300,0.00971401653562983,0.6833333333333333,0.5273862433862433,0.5583837519944633
16,300,0.015600856859236956,0.7233333333333334,0.5631679894179893,0.595861673581089
32,300,0.029410359760125477,0.76,0.5872050264550264,0.6237385168556427
64,300,0.05650417685198287,0.7666666666666667,0.5928267195767195,0.6297190596716836
